Town,codeCommune,City,NumWilaya
ADRAR,101,ADRAR,1
AKABLI,119,ADRAR,1
AOUGROUT,123,ADRAR,1
AOULEF,112,ADRAR,1
BORDJ BADJI MOKHTAR,125,ADRAR,1
BOUDA,122,ADRAR,1
CHAROUINE,103,ADRAR,1
DELDOUL,117,ADRAR,1
FENOUGHIL,115,ADRAR,1
IN ZGHMIR,105,ADRAR,1
KSAR KADDOUR,107,ADRAR,1
METARFA,120,ADRAR,1
OULED AHMED TIMMI,121,ADRAR,1
OULED AISSA,127,ADRAR,1
OULED SAID,110,ADRAR,1
REGGANE,104,ADRAR,1
SALI,118,ADRAR,1
SBAA,126,ADRAR,1
TALMINE,124,ADRAR,1
TAMENTIT,114,ADRAR,1
TAMEST,102,ADRAR,1
TIMIAOUINE,128,ADRAR,1
TIMIMOUN,109,ADRAR,1
TIMOKTEN,113,ADRAR,1
TINERKOUK,116,ADRAR,1
TIT,106,ADRAR,1
TSABIT,108,ADRAR,1
ZAOUIET KOUNTA,111,ADRAR,1
ABOU EL HASSAN,222,CHLEF,2
AIN MERANE,232,CHLEF,2
BENAIRIA,203,CHLEF,2
BENI BOUATEB,235,CHLEF,2
BENI HAOUA,207,CHLEF,2
BENI RACHED,213,CHLEF,2
BOUKADIR,212,CHLEF,2
BOUZGHAIA,231,CHLEF,2
BREIRA,234,CHLEF,2
CHETTIA,224,CHLEF,2
CHLEF,201,CHLEF,2
DAHRA,217,CHLEF,2
EL HADJADJ,227,CHLEF,2
EL KARIMIA,204,CHLEF,2
EL MARSA,223,CHLEF,2
HARCHOUN,209,CHLEF,2
HARENFA,215,CHLEF,2
LABIOD MEDJADJA,228,CHLEF,2
MOUSSADEK,226,CHLEF,2
OUED FODDA,229,CHLEF,2
OUED GOUSSINE,216,CHLEF,2
OUED SLY,221,CHLEF,2
OULED ABBES,218,CHLEF,2
OULED BEN ABDELKADER,230,CHLEF,2
OULED FARES,210,CHLEF,2
OUM DROU,233,CHLEF,2
SENDJAS,219,CHLEF,2
SIDI ABDERRAHMANE,225,CHLEF,2
SIDI AKKACHA,211,CHLEF,2
SOBHA,208,CHLEF,2
TADJENA,205,CHLEF,2
TALASSA,214,CHLEF,2
TAOUGRITE,206,CHLEF,2
TENES,202,CHLEF,2
ZEBOUDJA,220,CHLEF,2
AFLOU,319,LAGHOUAT,3
AIN MADHI,307,LAGHOUAT,3
AIN SIDI ALI,311,LAGHOUAT,3
BEIDHA,312,LAGHOUAT,3
BENACER BEN CHOHRA,303,LAGHOUAT,3
BRIDA,313,LAGHOUAT,3
EL ASSAFIA,320,LAGHOUAT,3
EL GHICHA,314,LAGHOUAT,3
EL HOUITA,323,LAGHOUAT,3
GUELTAT SIDI SAAD,310,LAGHOUAT,3
HADJ MECHERI,315,LAGHOUAT,3
HASSI DELAA,305,LAGHOUAT,3
HASSI R'MEL,306,LAGHOUAT,3
KHENEG,309,LAGHOUAT,3
KSAR EL HIRANE,302,LAGHOUAT,3
LAGHOUAT,301,LAGHOUAT,3
OUED MORRA,321,LAGHOUAT,3
OUED M'ZI,322,LAGHOUAT,3
SEBGAG,316,LAGHOUAT,3
SIDI BOUZID,324,LAGHOUAT,3
SIDI MAKHLOUF,304,LAGHOUAT,3
TADJEMOUT,308,LAGHOUAT,3
TADJROUNA,318,LAGHOUAT,3
TAOUIALA,317,LAGHOUAT,3
AIN BABOUCHE,408,OUM EL BOUAGHI,4
AIN BEIDA,402,OUM EL BOUAGHI,4
AIN DISS,415,OUM EL BOUAGHI,4
AIN FAKROUN,425,OUM EL BOUAGHI,4
AIN KERCHA,412,OUM EL BOUAGHI,4
AIN M'LILA,403,OUM EL BOUAGHI,4
AIN ZITOUN,427,OUM EL BOUAGHI,4
BEHIR CHERGUI,404,OUM EL BOUAGHI,4
BERRICHE,409,OUM EL BOUAGHI,4
BIR CHOUHADA,421,OUM EL BOUAGHI,4
DHALAA,411,OUM EL BOUAGHI,4
EL AMIRIA,405,OUM EL BOUAGHI,4
EL BELALA,407,OUM EL BOUAGHI,4
EL DJAZIA,414,OUM EL BOUAGHI,4
EL FEDJOUDJ BOUGHRARA SAOUDI,419,OUM EL BOUAGHI,4
EL HARMILIA,429,OUM EL BOUAGHI,4
F'KIRINA,416,OUM EL BOUAGHI,4
HANCHIR TOUMGHANI,413,OUM EL BOUAGHI,4
KSAR SBAHI,422,OUM EL BOUAGHI,4
MESKIANA,424,OUM EL BOUAGHI,4
OUED NINI,423,OUM EL BOUAGHI,4
OULED GACEM,428,OUM EL BOUAGHI,4
OULED HAMLA,410,OUM EL BOUAGHI,4
OULED ZOUAI,420,OUM EL BOUAGHI,4
OUM EL BOUAGHI,401,OUM EL BOUAGHI,4
RAHIA,426,OUM EL BOUAGHI,4
SIGUS,406,OUM EL BOUAGHI,4
SOUK NAAMANE,417,OUM EL BOUAGHI,4
ZORG,418,OUM EL BOUAGHI,4
AIN DJASSER,519,BATNA,5
AIN TOUTA,545,BATNA,5
AIN YAGOUT,522,BATNA,5
ARRIS,516,BATNA,5
AZIL ABDELKADER (METKOUAK),515,BATNA,5
BARIKA,542,BATNA,5
BATNA,501,BATNA,5
BENI FOUDHALA EL HAKANIA,532,BATNA,5
BITAM,514,BATNA,5
BOULHILAT,560,BATNA,5
BOUMAGUER,541,BATNA,5
BOUMIA,559,BATNA,5
BOUZINA,535,BATNA,5
CHEMORA,536,BATNA,5
CHIR,552,BATNA,5
DJERMA,513,BATNA,5
DJEZZAR,543,BATNA,5
EL HASSI,557,BATNA,5
EL MADHER,507,BATNA,5
FESDIS,523,BATNA,5
FOUM TOUB,531,BATNA,5
GHASSIRA,502,BATNA,5
GOSBAT,539,BATNA,5
GUIGBA,510,BATNA,5
HIDOUSSA,546,BATNA,5
ICHMOUL,530,BATNA,5
INOUGHISSENE,511,BATNA,5
KIMMEL,517,BATNA,5
KSAR BELEZMA,528,BATNA,5
LAZROU,558,BATNA,5
LEMSANE,527,BATNA,5
MAAFA,503,BATNA,5
M'DOUKAL,555,BATNA,5
MENAA,506,BATNA,5
MEROUANA,504,BATNA,5
N'GAOUS,509,BATNA,5
OUED CHAABA,537,BATNA,5
OUED EL MA,533,BATNA,5
OUED TAGA,548,BATNA,5
OULED AMMAR,556,BATNA,5
OULED AOUF,540,BATNA,5
OULED FADHEL,549,BATNA,5
OULED SELLAM,520,BATNA,5
OULED SI SLIMANE,553,BATNA,5
OUYOUN EL ASSAFIR,512,BATNA,5
RAHBAT,525,BATNA,5
RAS EL AIOUN,551,BATNA,5
SEFIANE,524,BATNA,5
SEGGANA,529,BATNA,5
SERIANA,505,BATNA,5
TALKHAMT,534,BATNA,5
TAXLENT,538,BATNA,5
TAZOULT,508,BATNA,5
TENIET EL ABED,547,BATNA,5
TIGHANIMINE,526,BATNA,5
TIGHERGHAR,521,BATNA,5
TILATOU,518,BATNA,5
TIMGAD,550,BATNA,5
T'KOUT,544,BATNA,5
ZANAT EL BEIDA,554,BATNA,5
ADEKAR,624,BEJAIA,6
AIT R'ZINE,628,BEJAIA,6
AIT SMAIL,647,BEJAIA,6
AKBOU,625,BEJAIA,6
AKFADOU,642,BEJAIA,6
AMALOU,616,BEJAIA,6
AMIZOUR,602,BEJAIA,6
AOKAS,622,BEJAIA,6
BARBACHA,634,BEJAIA,6
BEJAIA,601,BEJAIA,6
BENI DJELLIL,623,BEJAIA,6
BENI KSILA,635,BEJAIA,6
BENI MAOUCHE,650,BEJAIA,6
BENI MELIKECHE,638,BEJAIA,6
BOUDJELLIL,652,BEJAIA,6
BOUHAMZA,637,BEJAIA,6
BOUKHELIFA,648,BEJAIA,6
CHELLATA,605,BEJAIA,6
CHEMINI,629,BEJAIA,6
DARGUINA,620,BEJAIA,6
DRAA EL KAID,645,BEJAIA,6
EL KSEUR,640,BEJAIA,6
FERRAOUN,603,BEJAIA,6
IFELAIN ILMATHEN,618,BEJAIA,6
IGHIL ALI,617,BEJAIA,6
IGHRAM,615,BEJAIA,6
KENDIRA,613,BEJAIA,6
KHERRATA,644,BEJAIA,6
LEFLAYE,643,BEJAIA,6
M'CISNA,609,BEJAIA,6
MELBOU,641,BEJAIA,6
OUED GHIR,651,BEJAIA,6
OUZELAGUEN,636,BEJAIA,6
SEDDOUK,626,BEJAIA,6
SEMAOUNE,612,BEJAIA,6
SIDI AICH,639,BEJAIA,6
SIDI AYAD,621,BEJAIA,6
SOUK EL TENINE,608,BEJAIA,6
SOUK OUFELLA,630,BEJAIA,6
TALA HAMZA,633,BEJAIA,6
TAMOKRA,606,BEJAIA,6
TAMRIDJET,646,BEJAIA,6
TAOURIRT IGHIL,604,BEJAIA,6
TASKRIOUT,631,BEJAIA,6
TAZMALT,627,BEJAIA,6
TIBANE,632,BEJAIA,6
TICHY,611,BEJAIA,6
TIFRA,614,BEJAIA,6
TIMZRIT,607,BEJAIA,6
TINEBDAR,610,BEJAIA,6
TIZI NBERBER,649,BEJAIA,6
TOUDJA,619,BEJAIA,6
AIN NAGA,714,BISKRA,7
AIN ZAATOUT,718,BISKRA,7
BESBES,707,BISKRA,7
BISKRA,701,BISKRA,7
BORDJ BEN AZZOUZ,727,BISKRA,7
BOUCHAGROUN,729,BISKRA,7
BRANIS,703,BISKRA,7
CHETMA,704,BISKRA,7
DJEMORAH,720,BISKRA,7
DOUCEN,709,BISKRA,7
ECH CHAIBA,710,BISKRA,7
EL FEIDH,716,BISKRA,7
EL GHROUS,731,BISKRA,7
EL HADJAB,732,BISKRA,7
EL HAOUCH,713,BISKRA,7
EL KANTARA,717,BISKRA,7
EL OUTAYA,719,BISKRA,7
FOUGHALA,726,BISKRA,7
KHENGUET SIDI NADJI,733,BISKRA,7
LICHANA,723,BISKRA,7
LIOUA,722,BISKRA,7
M'CHOUNECHE,712,BISKRA,7
MEKHADMA,730,BISKRA,7
MEZIRAA,728,BISKRA,7
M'LILI,725,BISKRA,7
OULED DJELLAL,705,BISKRA,7
OUMACHE,702,BISKRA,7
OURLAL,724,BISKRA,7
RAS EL MIAD,706,BISKRA,7
SIDI KHALED,708,BISKRA,7
SIDI OKBA,711,BISKRA,7
TOLGA,721,BISKRA,7
ZERIBET EL OUED,715,BISKRA,7
ABADLA,817,BECHAR,8
BECHAR,801,BECHAR,8
BENI OUNIF,821,BECHAR,8
BOUKAIS,815,BECHAR,8
ERG FERRADJ,802,BECHAR,8
KENADSA,810,BECHAR,8
LAHMAR,806,BECHAR,8
MECHRAA H.BOUMEDIENE,809,BECHAR,8
MERIDJA,804,BECHAR,8
MOGHEUL,816,BECHAR,8
TAGHIT,813,BECHAR,8
AIN ROMANA,925,BLIDA,9
BEN KHELIL,910,BLIDA,9
BENI MERED,921,BLIDA,9
BENI TAMOU,919,BLIDA,9
BLIDA,901,BLIDA,9
BOUARFA,920,BLIDA,9
BOUFARIK,916,BLIDA,9
BOUGARA,922,BLIDA,9
BOUINAN,903,BLIDA,9
CHEBLI,902,BLIDA,9
CHIFFA,908,BLIDA,9
CHREA,906,BLIDA,9
DJEBABRA,924,BLIDA,9
EL AFFROUN,907,BLIDA,9
GUERROUAOU,923,BLIDA,9
HAMMAM MELOUANE,909,BLIDA,9
LARBAA,917,BLIDA,9
MEFTAH,914,BLIDA,9
MOUZAIA,912,BLIDA,9
OUED DJER,918,BLIDA,9
OUED EL ALLEUG,904,BLIDA,9
OULED SLAMA,915,BLIDA,9
OULED YAICH,905,BLIDA,9
SOUHANE,913,BLIDA,9
SOUMAA,911,BLIDA,9
AGHBALOU,1027,BOUIRA,10
AHL EL KSAR,1022,BOUIRA,10
AHNIF,1006,BOUIRA,10
AIN BESSEM,1035,BOUIRA,10
AIN EL HADJAR,1025,BOUIRA,10
AIN LALOUI,1041,BOUIRA,10
AIN TURK,1029,BOUIRA,10
AIT LAAZIZ,1008,BOUIRA,10
AOMAR,1016,BOUIRA,10
ATH MANSOUR,1043,BOUIRA,10
BECHLOUL,1033,BOUIRA,10
BIR GHBALOU,1036,BOUIRA,10
BORDJ OKHRISS,1018,BOUIRA,10
BOUDERBALA,1023,BOUIRA,10
BOUIRA,1001,BOUIRA,10
BOUKRAM,1034,BOUIRA,10
CHORFA,1017,BOUIRA,10
DECHMIA,1031,BOUIRA,10
DIRAH,1007,BOUIRA,10
DJEBAHIA,1026,BOUIRA,10
EL ADJIBA,1019,BOUIRA,10
EL ASNAM,1002,BOUIRA,10
EL HACHIMIA,1015,BOUIRA,10
EL HAKIMIA,1020,BOUIRA,10
EL KHABOUZIA,1021,BOUIRA,10
EL MOKRANI,1044,BOUIRA,10
GUERROUMA,1003,BOUIRA,10
HADJERA ZERGA,1042,BOUIRA,10
HAIZER,1012,BOUIRA,10
KADIRIA,1005,BOUIRA,10
LAKHDARIA,1013,BOUIRA,10
MAALA,1014,BOUIRA,10
MAAMORA,1039,BOUIRA,10
M'CHEDALLAH,1037,BOUIRA,10
MEZDOUR,1011,BOUIRA,10
OUED EL BERDI,1045,BOUIRA,10
OULED RACHED,1040,BOUIRA,10
RAOURAOUA,1010,BOUIRA,10
RIDANE,1032,BOUIRA,10
SAHARIDJ,1030,BOUIRA,10
SOUK EL KHEMIS,1004,BOUIRA,10
SOUR EL GHOZLANE,1038,BOUIRA,10
TAGHZOUT,1009,BOUIRA,10
TAGUEDITE,1028,BOUIRA,10
Z'BARBAR,1024,BOUIRA,10
ABALESSA,1102,TAMANRASSET,11
FOUGGARET EZZAOUIA,1110,TAMANRASSET,11
IDLES,1105,TAMANRASSET,11
IN AMGUEL,1109,TAMANRASSET,11
IN GHAR,1103,TAMANRASSET,11
IN GUEZZAM,1104,TAMANRASSET,11
IN SALAH,1108,TAMANRASSET,11
TAMANRASSET,1101,TAMANRASSET,11
TAZROUK,1106,TAMANRASSET,11
TIN ZOUATINE,1107,TAMANRASSET,11
AIN ZERGA,1223,TEBESSA,12
BEDJENE,1226,TEBESSA,12
BEKKARIA,1217,TEBESSA,12
BIR DHEHEB,1214,TEBESSA,12
BIR EL ATER,1202,TEBESSA,12
BIR EL MOKADEM,1210,TEBESSA,12
BOUKHADRA,1218,TEBESSA,12
BOULHAF DIR,1225,TEBESSA,12
CHERIA,1203,TEBESSA,12
EL AOUINET,1205,TEBESSA,12
EL HOUIDJBET,1206,TEBESSA,12
EL KOUIF,1211,TEBESSA,12
EL MA EL BIODH,1220,TEBESSA,12
EL MERIDJ,1224,TEBESSA,12
EL MEZERAA,1227,TEBESSA,12
EL OGLA,1213,TEBESSA,12
EL OGLA EL MALHA,1215,TEBESSA,12
FERKANE,1228,TEBESSA,12
GUORRIGUER,1216,TEBESSA,12
HAMMAMET,1208,TEBESSA,12
MORSOTT,1212,TEBESSA,12
NEGRINE,1209,TEBESSA,12
OUENZA,1219,TEBESSA,12
OUM ALI,1221,TEBESSA,12
SAF SAF EL OUESRA,1207,TEBESSA,12
STAH GUENTIS,1204,TEBESSA,12
TEBESSA,1201,TEBESSA,12
TLIDJEN,1222,TEBESSA,12
AIN FETAH,1331,TLEMCEN,13
AIN FEZZA,1312,TLEMCEN,13
AIN GHORABA,1349,TLEMCEN,13
AIN KEBIRA,1353,TLEMCEN,13
AIN NEHALA,1325,TLEMCEN,13
AIN TALLOUT,1303,TLEMCEN,13
AIN YOUCEF,1315,TLEMCEN,13
AMIEUR,1314,TLEMCEN,13
AZAILS,1321,TLEMCEN,13
BAB EL ASSA,1318,TLEMCEN,13
BENI BAHDEL,1342,TLEMCEN,13
BENI BOUSSAID,1338,TLEMCEN,13
BENI KHELLAD,1348,TLEMCEN,13
BENI MESTER,1302,TLEMCEN,13
BENI OUARSOUS,1336,TLEMCEN,13
BENI SMIEL,1352,TLEMCEN,13
BENI SNOUS,1317,TLEMCEN,13
BENSEKRANE,1324,TLEMCEN,13
BOUHLOU,1347,TLEMCEN,13
CHETOUANE,1350,TLEMCEN,13
DAR YAGHMORACEN,1319,TLEMCEN,13
DJEBALA,1309,TLEMCEN,13
EL ARICHA,1332,TLEMCEN,13
EL BOUIHI,1343,TLEMCEN,13
EL FEHOUL,1305,TLEMCEN,13
EL GOR,1310,TLEMCEN,13
FELLAOUCENE,1320,TLEMCEN,13
GHAZAOUET,1307,TLEMCEN,13
HAMMAM BOUGHRARA,1328,TLEMCEN,13
HENNAYA,1326,TLEMCEN,13
HONAINE,1344,TLEMCEN,13
MAGHNIA,1327,TLEMCEN,13
MANSOURAH,1351,TLEMCEN,13
MARSA BEN M'HIDI,1339,TLEMCEN,13
M'SIRDA FOUAGA,1330,TLEMCEN,13
NEDROMA,1340,TLEMCEN,13
OUED LAKHDAR,1311,TLEMCEN,13
OULED MIMOUN,1313,TLEMCEN,13
OULED RIYAH,1346,TLEMCEN,13
REMCHI,1304,TLEMCEN,13
SABRA,1306,TLEMCEN,13
SEBAA CHIOUKH,1322,TLEMCEN,13
SEBDOU,1335,TLEMCEN,13
SIDI ABDELLI,1334,TLEMCEN,13
SIDI DJILLALI,1341,TLEMCEN,13
SIDI MEDJAHED,1337,TLEMCEN,13
SOUAHLIA,1329,TLEMCEN,13
SOUANI,1308,TLEMCEN,13
SOUK EL TLATA,1333,TLEMCEN,13
TERNI BENI HEDIEL,1323,TLEMCEN,13
TIANET,1345,TLEMCEN,13
TLEMCEN,1301,TLEMCEN,13
ZENATA,1316,TLEMCEN,13
AIN BOUCHEKIF,1403,TIARET,14
AIN DEHEB,1406,TIARET,14
AIN EL HADID,1418,TIARET,14
AIN KERMES,1428,TIARET,14
AIN ZARIT,1405,TIARET,14
CHEHAIMA,1436,TIARET,14
DAHMOUNI,1413,TIARET,14
DJEBILET ROSFA,1419,TIARET,14
DJILLALI BEN AMAR,1424,TIARET,14
FAIDJA,1441,TIARET,14
FRENDA,1427,TIARET,14
GUERTOUFA,1422,TIARET,14
HAMADIA,1435,TIARET,14
KSAR CHELLALA,1429,TIARET,14
MADNA,1410,TIARET,14
MAHDIA,1415,TIARET,14
MECHRAA SAFA,1434,TIARET,14
MEDRISSA,1408,TIARET,14
MEDROUSSA,1402,TIARET,14
MEGHILA,1421,TIARET,14
MELLAKOU,1412,TIARET,14
NADORAH,1431,TIARET,14
NAIMA,1420,TIARET,14
OUED LILLI,1433,TIARET,14
RAHOUIA,1414,TIARET,14
RECHAIGA,1430,TIARET,14
SEBAINE,1425,TIARET,14
SEBT,1411,TIARET,14
SERGHINE,1439,TIARET,14
SI ABDELGHANI,1417,TIARET,14
SIDI ALI MELLAL,1404,TIARET,14
SIDI BAKHTI,1407,TIARET,14
SIDI HOSNI,1423,TIARET,14
SOUGUEUR,1416,TIARET,14
TAGDEMT,1432,TIARET,14
TAKHEMARET,1437,TIARET,14
TIARET,1401,TIARET,14
TIDDA,1442,TIARET,14
TOUSNINA,1426,TIARET,14
Z'MALET EL EMIR AEK,1409,TIARET,14
ABI YOUCEF,1531,TIZI OUZOU,15
AGHRIB,1553,TIZI OUZOU,15
AGOUNI GUEGHRANE,1561,TIZI OUZOU,15
AIN EL HAMMAM,1502,TIZI OUZOU,15
AIN ZAOUIA,1525,TIZI OUZOU,15
AIT AGGOUACHA,1535,TIZI OUZOU,15
AIT BOUADOU,1565,TIZI OUZOU,15
AIT BOUMAHDI,1530,TIZI OUZOU,15
AIT CHAFAA,1513,TIZI OUZOU,15
AIT KHELILI,1558,TIZI OUZOU,15
AIT MAHMOUD,1528,TIZI OUZOU,15
AIT OUMALOU,1542,TIZI OUZOU,15
AIT TOUDERT,1567,TIZI OUZOU,15
AIT YAHIA,1527,TIZI OUZOU,15
AIT YAHIA MOUSSA,1556,TIZI OUZOU,15
AKBIL,1503,TIZI OUZOU,15
AKERROU,1544,TIZI OUZOU,15
ASSI YOUCEF,1566,TIZI OUZOU,15
AZAZGA,1518,TIZI OUZOU,15
AZZEFOUN,1537,TIZI OUZOU,15
BENI AISSI,1515,TIZI OUZOU,15
BENI DOUALA,1532,TIZI OUZOU,15
BENI YENNI,1552,TIZI OUZOU,15
BENI ZIKI,1546,TIZI OUZOU,15
BENI ZMENZER,1516,TIZI OUZOU,15
BOGHNI,1540,TIZI OUZOU,15
BOUDJIMA,1555,TIZI OUZOU,15
BOUNOUH,1512,TIZI OUZOU,15
BOUZGUENE,1534,TIZI OUZOU,15
DJEBEL AISSA MIMOUN,1539,TIZI OUZOU,15
DRAA BEN KHEDDA,1547,TIZI OUZOU,15
DRAA EL MIZAN,1510,TIZI OUZOU,15
FREHA,1504,TIZI OUZOU,15
FRIKAT,1514,TIZI OUZOU,15
IBOUDRARENE,1560,TIZI OUZOU,15
IDJEUR,1549,TIZI OUZOU,15
IFERHOUNENE,1517,TIZI OUZOU,15
IFIGHA,1541,TIZI OUZOU,15
IFLISSEN,1554,TIZI OUZOU,15
ILLILTEN,1533,TIZI OUZOU,15
ILOULA OUMALOU,1519,TIZI OUZOU,15
IMSOUHAL,1563,TIZI OUZOU,15
IRDJEN,1507,TIZI OUZOU,15
LARBAA NATH IRATHEN,1521,TIZI OUZOU,15
MAATKA,1529,TIZI OUZOU,15
MAKOUDA,1509,TIZI OUZOU,15
MECHTRASS,1506,TIZI OUZOU,15
MEKLA,1550,TIZI OUZOU,15
MIZRANA,1562,TIZI OUZOU,15
M'KIRA,1526,TIZI OUZOU,15
OUACIF,1548,TIZI OUZOU,15
OUADHIA,1536,TIZI OUZOU,15
OUAGUENOUN,1524,TIZI OUZOU,15
SIDI NAAMANE,1559,TIZI OUZOU,15
SOUAMAA,1505,TIZI OUZOU,15
SOUK EL THENINE,1557,TIZI OUZOU,15
TADMAIT,1564,TIZI OUZOU,15
TIGZIRT,1538,TIZI OUZOU,15
TIMIZART,1508,TIZI OUZOU,15
TIRMITINE,1543,TIZI OUZOU,15
TIZI GHENIF,1511,TIZI OUZOU,15
TIZI N'TLATA,1551,TIZI OUZOU,15
TIZI OUZOU,1501,TIZI OUZOU,15
TIZI RACHED,1522,TIZI OUZOU,15
YAKOUREN,1520,TIZI OUZOU,15
YATAFENE,1545,TIZI OUZOU,15
ZEKRI,1523,TIZI OUZOU,15
AIN CHOUHADA,1723,DJELFA,17
AIN EL IBEL,1730,DJELFA,17
AIN FEKKA,1735,DJELFA,17
AIN MAABED,1705,DJELFA,17
AIN OUSSERA,1731,DJELFA,17
AMOURAH,1734,DJELFA,17
BENHAR,1732,DJELFA,17
BENI YAGOUB,1727,DJELFA,17
BIRINE,1708,DJELFA,17
BOUIRA LAHDEB,1709,DJELFA,17
CHAREF,1726,DJELFA,17
DAR CHIOUKH,1725,DJELFA,17
DJELFA,1701,DJELFA,17
DOUIS,1715,DJELFA,17
EL GUEDID,1703,DJELFA,17
EL IDRISSIA,1714,DJELFA,17
EL KHEMIS,1711,DJELFA,17
FEIDH EL BOTMA,1707,DJELFA,17
GUERNINI,1721,DJELFA,17
GUETTARA,1718,DJELFA,17
HAD SAHARY,1720,DJELFA,17
HASSI BAHBAH,1704,DJELFA,17
HASSI EL EUCH,1716,DJELFA,17
HASSI FEDOUL,1733,DJELFA,17
MESSAAD,1717,DJELFA,17
M'LILIHA,1713,DJELFA,17
MOUDJEBARA,1702,DJELFA,17
OUM LAADHAM,1724,DJELFA,17
SED RAHAL,1706,DJELFA,17
SELMANA,1722,DJELFA,17
SIDI BAIZID,1712,DJELFA,17
SIDI LADJEL,1719,DJELFA,17
TADMIT,1736,DJELFA,17
ZAAFRANE,1728,DJELFA,17
ZACCAR,1710,DJELFA,17
BORDJ TAHER,1826,JIJEL,18
BOUDRIAA BEN YADJIS,1822,JIJEL,18
BOURAOUI BELHADEF,1816,JIJEL,18
BOUSSIF OULED ASKEUR,1819,JIJEL,18
CHAHANA,1808,JIJEL,18
CHEKFA,1807,JIJEL,18
DJEMAA BENI HABIBI,1825,JIJEL,18
DJIMLA,1817,JIJEL,18
EL ANCER,1812,JIJEL,18
EL AOUANA,1803,JIJEL,18
EL KENNAR NOUCHFI,1820,JIJEL,18
EL MILIA,1809,JIJEL,18
EMIR ABDELKADER,1806,JIJEL,18
ERRAGUENE,1802,JIJEL,18
GHEBALA,1815,JIJEL,18
JIJEL,1801,JIJEL,18
KAOUS,1814,JIJEL,18
KHEIRI OUED ADJOUL,1823,JIJEL,18
OUADJANA,1828,JIJEL,18
OULED RABAH,1827,JIJEL,18
OULED YAHIA KHEDROUCHE,1821,JIJEL,18
SELMA BENZIADA,1818,JIJEL,18
SETTARA,1811,JIJEL,18
SIDI ABDELAZIZ,1813,JIJEL,18
SIDI MAAROUF,1810,JIJEL,18
TAHER,1805,JIJEL,18
TEXENNA,1824,JIJEL,18
ZIAMA MANSOURIAH,1804,JIJEL,18
AIN ABESSA,1914,SETIF,19
AIN ARNAT,1926,SETIF,19
AIN AZAL,1940,SETIF,19
AIN EL KEBIRA,1902,SETIF,19
AIN LAHDJAR,1918,SETIF,19
AIN LEGRADJ,1913,SETIF,19
AIN OULMENE,1928,SETIF,19
AIN ROUA,1906,SETIF,19
AIN SEBT,1949,SETIF,19
AIT NAOUAL MEZADA,1951,SETIF,19
AIT TIZI,1954,SETIF,19
AMOUCHA,1927,SETIF,19
BABOR,1916,SETIF,19
BAZER SAKHRA,1931,SETIF,19
BEIDHA BORDJ,1929,SETIF,19
BELLAA,1925,SETIF,19
BENI AZIZ,1903,SETIF,19
BENI CHEBANA,1909,SETIF,19
BENI FOUDA,1944,SETIF,19
BENI HOCINE,1953,SETIF,19
BENI MOUHLI,1946,SETIF,19
BENI OURTILANE,1922,SETIF,19
BIR EL ARCH,1908,SETIF,19
BIR HADDADA,1934,SETIF,19
BOUANDAS,1930,SETIF,19
BOUGAA,1943,SETIF,19
BOUSSELAM,1919,SETIF,19
BOUTALEB,1905,SETIF,19
DEHAMCHA,1915,SETIF,19
DJEMILA,1921,SETIF,19
DRAA KEBILA,1907,SETIF,19
EL EULMA,1920,SETIF,19
EL OULDJA,1959,SETIF,19
EL OURICIA,1937,SETIF,19
GUELLAL,1948,SETIF,19
GUELTA ZERKA,1956,SETIF,19
GUENZET,1941,SETIF,19
GUIDJEL,1917,SETIF,19
HAMMA,1911,SETIF,19
HAMMAM GUERGOUR,1950,SETIF,19
HAMMAM SOUKHNA,1932,SETIF,19
HARBIL,1936,SETIF,19
KSAR EL ABTAL,1952,SETIF,19
MAAOUIA,1912,SETIF,19
MAOKLANE,1955,SETIF,19
MEZLOUG,1933,SETIF,19
OUED EL BARAD,1957,SETIF,19
OULED ADDOUANE,1924,SETIF,19
OULED SABOR,1947,SETIF,19
OULED SI AHMED,1904,SETIF,19
OULED TEBBEN,1910,SETIF,19
ROSFA,1923,SETIF,19
SALAH BEY,1939,SETIF,19
SERDJ EL GHOUL,1935,SETIF,19
SETIF,1901,SETIF,19
TACHOUDA,1945,SETIF,19
TALAIFACENE,1942,SETIF,19
TAYA,1958,SETIF,19
TELLA,1960,SETIF,19
TIZI N'BECHAR,1938,SETIF,19
AIN SEKHOUNA,2013,SAIDA,20
AIN SOLTANE,2016,SAIDA,20
DOUI THABET,2002,SAIDA,20
EL HASSASNA,2010,SAIDA,20
HOUNET,2007,SAIDA,20
MOULAY LARBI,2005,SAIDA,20
OULED BRAHIM,2014,SAIDA,20
OULED KHALED,2004,SAIDA,20
SAIDA,2001,SAIDA,20
SIDI AHMED,2012,SAIDA,20
SIDI AMAR,2008,SAIDA,20
SIDI BOUBEKEUR,2009,SAIDA,20
TIRCINE,2015,SAIDA,20
YOUB,2006,SAIDA,20
AIN BOUZIANE,2122,SKIKDA,21
AIN CHARCHAR,2106,SKIKDA,21
AIN KECHRA,2127,SKIKDA,21
AIN ZOUIT,2102,SKIKDA,21
AZZABA,2104,SKIKDA,21
BEKKOUCHE LAKHDAR,2107,SKIKDA,21
BEN AZZOUZ,2108,SKIKDA,21
BENI BECHIR,2124,SKIKDA,21
BENI OULBANE,2121,SKIKDA,21
BENI ZID,2111,SKIKDA,21
BIN EL OUIDEN,2129,SKIKDA,21
BOUCHTATA,2134,SKIKDA,21
CHERAIA,2131,SKIKDA,21
COLLO,2110,SKIKDA,21
DJENDEL SAADI MOHAMED,2105,SKIKDA,21
EL GHEDIR,2133,SKIKDA,21
EL HADAIK,2103,SKIKDA,21
EL HARROUCH,2116,SKIKDA,21
EMDJEZ EDCHICH,2120,SKIKDA,21
ES SEBT,2109,SKIKDA,21
FILFILA,2130,SKIKDA,21
HAMADI KROUMA,2137,SKIKDA,21
KANOUA,2132,SKIKDA,21
KERKERA,2112,SKIKDA,21
KHENEG MAYOUM,2136,SKIKDA,21
OUED ZEHOUR,2114,SKIKDA,21
OULDJA BOULBALOUT,2135,SKIKDA,21
OULED ATTIA,2113,SKIKDA,21
OULED HEBABA,2118,SKIKDA,21
OUM TOUB,2128,SKIKDA,21
RAMDANE DJAMEL,2123,SKIKDA,21
SALAH BOUCHAOUR,2125,SKIKDA,21
SIDI MEZGHICHE,2119,SKIKDA,21
SKIKDA,2101,SKIKDA,21
TAMALOUS,2126,SKIKDA,21
ZARDEZAS,2117,SKIKDA,21
ZITOUNA,2115,SKIKDA,21
AIN ADDEN,2230,SIDI BEL ABBES,22
AIN EL BERD,2228,SIDI BEL ABBES,22
AIN KADA,2225,SIDI BEL ABBES,22
AIN TINDAMINE,2224,SIDI BEL ABBES,22
AIN TRID,2215,SIDI BEL ABBES,22
AMARNAS,2212,SIDI BEL ABBES,22
BADREDDINE EL MOKRANI,2209,SIDI BEL ABBES,22
BELARBI,2242,SIDI BEL ABBES,22
BEN BADIS,2245,SIDI BEL ABBES,22
BENACHIBA CHELIA,2251,SIDI BEL ABBES,22
BIR EL HAMMAM,2248,SIDI BEL ABBES,22
BOUDJBAA EL BORDJ,2238,SIDI BEL ABBES,22
BOUKHANIFIS,2207,SIDI BEL ABBES,22
CHETOUANE BELAILA,2247,SIDI BEL ABBES,22
DHAYA,2232,SIDI BEL ABBES,22
EL HACAIBA,2219,SIDI BEL ABBES,22
HASSI DAHOU,2252,SIDI BEL ABBES,22
HASSI ZAHANA,2220,SIDI BEL ABBES,22
LEMTAR,2234,SIDI BEL ABBES,22
MAKEDRA,2216,SIDI BEL ABBES,22
MARHOUM,2210,SIDI BEL ABBES,22
M'CID,2226,SIDI BEL ABBES,22
MERINE,2222,SIDI BEL ABBES,22
MEZAOUROU,2206,SIDI BEL ABBES,22
MOSTEFA BEN BRAHIM,2204,SIDI BEL ABBES,22
MOULAY SLISSEN,2218,SIDI BEL ABBES,22
OUED SEBAA,2237,SIDI BEL ABBES,22
OUED SEFIOUN,2243,SIDI BEL ABBES,22
OUED TAOURIRA,2231,SIDI BEL ABBES,22
RAS EL MA,2223,SIDI BEL ABBES,22
REDJEM DEMOUCHE,2250,SIDI BEL ABBES,22
SEHALA THAOURA,2239,SIDI BEL ABBES,22
SFISEF,2229,SIDI BEL ABBES,22
SIDI ALI BENYOUB,2246,SIDI BEL ABBES,22
SIDI ALI BOUSSIDI,2208,SIDI BEL ABBES,22
SIDI BEL ABBES,2201,SIDI BEL ABBES,22
SIDI BRAHIM,2203,SIDI BEL ABBES,22
SIDI CHAIB,2235,SIDI BEL ABBES,22
SIDI DAHOU DE ZAIRS,2236,SIDI BEL ABBES,22
SIDI HAMADOUCHE,2241,SIDI BEL ABBES,22
SIDI LAHCENE,2214,SIDI BEL ABBES,22
SIDI YACOUB,2240,SIDI BEL ABBES,22
TABIA,2221,SIDI BEL ABBES,22
TAFISSOUR,2211,SIDI BEL ABBES,22
TAOUDMOUT,2249,SIDI BEL ABBES,22
TEGHALIMET,2244,SIDI BEL ABBES,22
TELAGH,2205,SIDI BEL ABBES,22
TENIRA,2217,SIDI BEL ABBES,22
TESSALA,2202,SIDI BEL ABBES,22
TILMOUNI,2213,SIDI BEL ABBES,22
ZEROUALA,2233,SIDI BEL ABBES,22
AIN BERDA,2309,ANNABA,23
ANNABA,2301,ANNABA,23
BERRAHAL,2302,ANNABA,23
CHETAIBI,2310,ANNABA,23
CHEURFA,2307,ANNABA,23
EL BOUNI,2305,ANNABA,23
EL HADJAR,2303,ANNABA,23
EULMA,2304,ANNABA,23
OUED EL ANEB,2306,ANNABA,23
SERAIDI,2308,ANNABA,23
TREAT,2312,ANNABA,23
AIN BEN BEIDA,2414,GUELMA,24
AIN HASSANIA,2427,GUELMA,24
AIN LARBI,2423,GUELMA,24
AIN MAKHLOUF,2413,GUELMA,24
AIN REGADA,2432,GUELMA,24
AIN SANDEL,2407,GUELMA,24
BELKHEIR,2410,GUELMA,24
BENDJARAH,2411,GUELMA,24
BENI MEZLINE,2416,GUELMA,24
BORDJ SABAT,2421,GUELMA,24
BOUATI MAHMOUD,2403,GUELMA,24
BOUCHEGOUF,2425,GUELMA,24
BOUHACHANA,2417,GUELMA,24
BOUHAMDANE,2412,GUELMA,24
BOUMAHRA AHMED,2431,GUELMA,24
DAHOUARA,2409,GUELMA,24
DJEBALLAH KHEMISSI,2434,GUELMA,24
EL FEDJOUDJ,2420,GUELMA,24
GUELAAT BOU SBAA,2418,GUELMA,24
GUELMA,2401,GUELMA,24
HAMMAM DEBAGH,2419,GUELMA,24
HAMMAM N'BAIL,2422,GUELMA,24
HELIOPOLIS,2426,GUELMA,24
KHEZARRA,2415,GUELMA,24
MEDJEZ AMAR,2424,GUELMA,24
MEDJEZ SFA,2430,GUELMA,24
NECHMAYA,2402,GUELMA,24
OUED CHEHAM,2433,GUELMA,24
OUED FRAGHA,2406,GUELMA,24
OUED ZENATI,2404,GUELMA,24
RAS EL AGBA,2408,GUELMA,24
ROKNIA,2428,GUELMA,24
SELLAOUA ANNOUNA,2429,GUELMA,24
TAMLOUKA,2405,GUELMA,24
AIN ABID,2507,CONSTANTINE,25
AIN SMARA,2510,CONSTANTINE,25
BENI HAMIDEN,2508,CONSTANTINE,25
CONSTANTINE,2501,CONSTANTINE,25
DIDOUCHE MOURAD,2505,CONSTANTINE,25
EL KHROUB,2506,CONSTANTINE,25
HAMMA BOUZIANE,2502,CONSTANTINE,25
IBN BADIS,2503,CONSTANTINE,25
IBN ZIAD,2512,CONSTANTINE,25
MESSAOUD BOUDJERIOU,2511,CONSTANTINE,25
OULED RAHMOUNE,2509,CONSTANTINE,25
ZIGHOUD YOUCEF,2504,CONSTANTINE,25
AIN BOUCIF,2604,MEDEA,26
AIN OUKSIR,2641,MEDEA,26
AISSAOUIA,2605,MEDEA,26
AZIZ,2632,MEDEA,26
BAATA,2624,MEDEA,26
BEN CHICAO,2630,MEDEA,26
BENI SLIMANE,2646,MEDEA,26
BERROUAGHIA,2647,MEDEA,26
BIR BEN LAABED,2656,MEDEA,26
BOGHAR,2625,MEDEA,26
BOUAICHE,2610,MEDEA,26
BOUAICHOUNE,2659,MEDEA,26
BOUCHRAHIL,2621,MEDEA,26
BOUGHEZOUL,2651,MEDEA,26
BOUSKENE,2619,MEDEA,26
CHAHBOUNIA,2638,MEDEA,26
CHELLALAT EL ADHAOURA,2618,MEDEA,26
CHENIGUEL,2640,MEDEA,26
DERRAG,2608,MEDEA,26
DEUX BASSINS,2653,MEDEA,26
DJOUAB,2637,MEDEA,26
DRAA ESSAMAR,2654,MEDEA,26
EL AZIZIA,2636,MEDEA,26
EL GUELB EL KEBIR,2609,MEDEA,26
EL HAMDANIA,2616,MEDEA,26
EL OMARIA,2607,MEDEA,26
HANNACHA,2660,MEDEA,26
KEF LAKHDAR,2617,MEDEA,26
KHAMS DJOUAMAA,2663,MEDEA,26
KSAR EL BOUKHARI,2635,MEDEA,26
MEDEA,2601,MEDEA,26
MEFTAHA,2649,MEDEA,26
MEGHRAOUA,2639,MEDEA,26
MEZERANA,2611,MEDEA,26
MIHOUB,2650,MEDEA,26
MOUDJBAR,2662,MEDEA,26
OUAMRI,2643,MEDEA,26
OUED HARBIL,2629,MEDEA,26
OULED ANTAR,2658,MEDEA,26
OULED BOUACHRA,2627,MEDEA,26
OULED DEIDE,2606,MEDEA,26
OULED HELLAL,2622,MEDEA,26
OULED MAAREF,2603,MEDEA,26
OUM EL DJALIL,2642,MEDEA,26
OUZERA,2602,MEDEA,26
REBAIA,2620,MEDEA,26
SANEG,2664,MEDEA,26
SEDRAIA,2661,MEDEA,26
SEGHOUANE,2648,MEDEA,26
SI MAHDJOUB,2644,MEDEA,26
SIDI DAMED,2631,MEDEA,26
SIDI ERRABIA,2655,MEDEA,26
SIDI ZAHAR,2628,MEDEA,26
SIDI ZIANE,2614,MEDEA,26
SOUAGUI,2633,MEDEA,26
TABLAT,2652,MEDEA,26
TAFRAOUT,2623,MEDEA,26
TAMESGUIDA,2615,MEDEA,26
TIZI MAHDI,2613,MEDEA,26
TLATET EDDOUAR,2645,MEDEA,26
ZOUBIRIA,2634,MEDEA,26
ABDELMALEK RAMDANE,2713,MOSTAGANEM,27
ACHAACHA,2717,MOSTAGANEM,27
AIN BOUDINAR,2728,MOSTAGANEM,27
AIN NOUISSY,2705,MOSTAGANEM,27
AIN SIDI CHERIF,2721,MOSTAGANEM,27
AIN TEDLES,2707,MOSTAGANEM,27
BOUGUIRAT,2719,MOSTAGANEM,27
EL HASSIANE,2732,MOSTAGANEM,27
FORNAKA,2703,MOSTAGANEM,27
HADJADJ,2714,MOSTAGANEM,27
HASSI MAMECHE,2706,MOSTAGANEM,27
KHADRA,2718,MOSTAGANEM,27
KHEIR EDDINE,2711,MOSTAGANEM,27
MAZAGHRANE,2727,MOSTAGANEM,27
MESRA,2722,MOSTAGANEM,27
MOSTAGANEM,2701,MOSTAGANEM,27
NEKMARIA,2715,MOSTAGANEM,27
OUED EL KHEIR,2709,MOSTAGANEM,27
OULED BOUGHALEM,2725,MOSTAGANEM,27
OULED MAALAH,2726,MOSTAGANEM,27
SAF SAF,2730,MOSTAGANEM,27
SAYADA,2702,MOSTAGANEM,27
SIDI ALI,2712,MOSTAGANEM,27
SIDI BELATAR,2710,MOSTAGANEM,27
SIDI LAKHDAR,2716,MOSTAGANEM,27
SIRAT,2720,MOSTAGANEM,27
SOUAFLIA,2724,MOSTAGANEM,27
SOUR,2708,MOSTAGANEM,27
STIDIA,2704,MOSTAGANEM,27
TAZGAIT,2729,MOSTAGANEM,27
TOUAHRIA,2731,MOSTAGANEM,27
AIN EL HADJEL,2817,MSILA,28
AIN EL MELH,2841,MSILA,28
AIN ERRICH,2844,MSILA,28
AIN FARES,2837,MSILA,28
AIN KHADRA,2813,MSILA,28
BELAIBA,2815,MSILA,28
BEN SROUR,2824,MSILA,28
BENI ILMANE,2845,MSILA,28
BENZOUH,2835,MSILA,28
BERHOUM,2812,MSILA,28
BIR FODA,2836,MSILA,28
BOU SAADA,2820,MSILA,28
BOUTI SAYAH,2831,MSILA,28
CHELLAL,2809,MSILA,28
DEHAHNA,2830,MSILA,28
DJEBEL MESSAAD,2847,MSILA,28
EL HAMEL,2827,MSILA,28
EL HOUAMED,2826,MSILA,28
HAMMAM DHALAA,2803,MSILA,28
KHETTOUTI SED EL DJIR,2832,MSILA,28
KHOUBANA,2807,MSILA,28
MAADID,2802,MSILA,28
MAARIF,2829,MSILA,28
MAGRA,2811,MSILA,28
M'CIF,2808,MSILA,28
MEDJEDEL,2842,MSILA,28
MENAA (OULED ATIA),2839,MSILA,28
MOHAMED BOUDIAF,2834,MSILA,28
M'SILA,2801,MSILA,28
M'TARFA,2806,MSILA,28
OUANOUGHA,2819,MSILA,28
OULED ADDI GUEBALA,2814,MSILA,28
OULED DERRADJ,2804,MSILA,28
OULED MADHI,2810,MSILA,28
OULED MANSOUR,2828,MSILA,28
OULED SIDI BRAHIM,2821,MSILA,28
OULED SLIMANE,2825,MSILA,28
OULTENE,2846,MSILA,28
SIDI AISSA,2816,MSILA,28
SIDI AMEUR,2822,MSILA,28
SIDI HADJERES,2818,MSILA,28
SLIM,2843,MSILA,28
TAMSA,2823,MSILA,28
TARMOUNT,2805,MSILA,28
ZARZOUR,2833,MSILA,28
AIN FEKAN,2918,MASCARA,29
AIN FERAH,2911,MASCARA,29
AIN FRASS,2925,MASCARA,29
ALAIMIA,2928,MASCARA,29
AOUF,2923,MASCARA,29
BENIAN,2919,MASCARA,29
BOU HANIFIA,2902,MASCARA,29
BOU HENNI,2937,MASCARA,29
EL BORDJ,2917,MASCARA,29
EL GAADA,2929,MASCARA,29
EL GHOMRI,2934,MASCARA,29
EL GUETTANA,2938,MASCARA,29
EL HACHEM,2907,MASCARA,29
EL KEURT,2940,MASCARA,29
EL MAMOUNIA,2939,MASCARA,29
EL MENAOUER,2921,MASCARA,29
FERRAGUIG,2933,MASCARA,29
FROHA,2913,MASCARA,29
GHARROUS,2941,MASCARA,29
GHRISS,2912,MASCARA,29
GUERDJOUM,2942,MASCARA,29
HACINE,2904,MASCARA,29
KHALOUIA,2920,MASCARA,29
MAKDHA,2915,MASCARA,29
MAOUSSA,2905,MASCARA,29
MASCARA,2901,MASCARA,29
MATEMORE,2914,MASCARA,29
MOCTA DOUZ,2936,MASCARA,29
NESMOTH,2945,MASCARA,29
OGGAZ,2927,MASCARA,29
OUED EL ABTAL,2910,MASCARA,29
OUED TARIA,2922,MASCARA,29
RAS AIN AMIROUCHE,2944,MASCARA,29
SEDJERARA,2935,MASCARA,29
SEHAILIA,2947,MASCARA,29
SIDI ABDELDJEBAR,2946,MASCARA,29
SIDI ABDELMOUMENE,2932,MASCARA,29
SIDI BOUSSAID,2916,MASCARA,29
SIDI KADA,2908,MASCARA,29
SIG,2926,MASCARA,29
TIGHENNIF,2906,MASCARA,29
TIZI,2903,MASCARA,29
ZAHANA,2930,MASCARA,29
ZELMATA,2909,MASCARA,29
BALIDETE AMEUR,3006,OUARGLA,30
BENACEUR,3017,OUARGLA,30
EL ALLIA,3020,OUARGLA,30
EL BORMA,3021,OUARGLA,30
EL HADJIRA,3014,OUARGLA,30
HASSI BEN ABDELLAH,3012,OUARGLA,30
HASSI MESSAOUD,3004,OUARGLA,30
MEGARINE,3019,OUARGLA,30
M'NAGUER,3018,OUARGLA,30
NEZLA,3008,OUARGLA,30
N'GOUSSA,3003,OUARGLA,30
OUARGLA,3001,OUARGLA,30
ROUISSAT,3005,OUARGLA,30
SIDI KHOUILED,3011,OUARGLA,30
SIDI SLIMANE,3010,OUARGLA,30
TAIBET,3015,OUARGLA,30
TAMACINE,3016,OUARGLA,30
TEBESBEST,3007,OUARGLA,30
TOUGGOURT,3013,OUARGLA,30
ZAOUIA EL ABIDIA,3009,OUARGLA,30
AIN EL BIYA,3126,ORAN,31
AIN EL KARMA,3125,ORAN,31
AIN EL TURK,3109,ORAN,31
ARZEW,3106,ORAN,31
BEN FREHA,3120,ORAN,31
BETHIOUA,3107,ORAN,31
BIR EL DJIR,3103,ORAN,31
BOU SFER,3116,ORAN,31
BOU TLELIS,3124,ORAN,31
BOUFATIS,3114,ORAN,31
EL ANCOR,3110,ORAN,31
EL BRAYA,3118,ORAN,31
EL KERMA,3117,ORAN,31
ES SENIA,3105,ORAN,31
GDYEL,3102,ORAN,31
HASSI BEN OKBA,3119,ORAN,31
HASSI BOUNIF,3104,ORAN,31
HASSI MEFSOUKH,3121,ORAN,31
MARSAT EL HADJADJ,3108,ORAN,31
MERS EL KEBIR,3115,ORAN,31
MISSERGHIN,3123,ORAN,31
ORAN,3101,ORAN,31
OUED TLELAT,3111,ORAN,31
SIDI BEN YEBKA,3122,ORAN,31
SIDI CHAMI,3113,ORAN,31
TAFRAOUI,3112,ORAN,31
AIN EL ORAK,3208,EL BAYADH,32
ARBAOUAT,3209,EL BAYADH,32
BOUALEM,3206,EL BAYADH,32
BOUGTOUB,3210,EL BAYADH,32
BOUSSEMGHOUN,3213,EL BAYADH,32
BREZINA,3204,EL BAYADH,32
CHEGUIG,3217,EL BAYADH,32
CHELLALA,3214,EL BAYADH,32
EL ABIODH SIDI CHEIKH,3207,EL BAYADH,32
EL BAYADH,3201,EL BAYADH,32
EL BNOUD,3216,EL BAYADH,32
EL KHEITHER,3211,EL BAYADH,32
EL MEHARA,3219,EL BAYADH,32
GHASSOUL,3205,EL BAYADH,32
KEF EL AHMAR,3212,EL BAYADH,32
KRAAKDA,3215,EL BAYADH,32
ROGASSA,3202,EL BAYADH,32
SIDI TIFOUR,3222,EL BAYADH,32
STITTEN,3203,EL BAYADH,32
TOUSMOULINE,3220,EL BAYADH,32
BORDJ EL HOUASSE,3305,ILLIZI,33
BORDJ OMAR DRISS,3304,ILLIZI,33
DEB DEB,3303,ILLIZI,33
DJANET,3302,ILLIZI,33
ILLIZI,3301,ILLIZI,33
IN AMENAS,3306,ILLIZI,33
AIN TAGHROUT,3408,BORDJ BOUARRERIDJ,34
AIN TESRA,3430,BORDJ BOUARRERIDJ,34
BELIMOUR,3412,BORDJ BOUARRERIDJ,34
BEN DAOUD,3406,BORDJ BOUARRERIDJ,34
BIR KASDALI,3431,BORDJ BOUARRERIDJ,34
BORDJ BOU ARRERIDJ,3401,BORDJ BOUARRERIDJ,34
BORDJ GHEDIR,3409,BORDJ BOUARRERIDJ,34
BORDJ ZEMOURA,3403,BORDJ BOUARRERIDJ,34
COLLA,3425,BORDJ BOUARRERIDJ,34
DJAAFRA,3415,BORDJ BOUARRERIDJ,34
EL ACH,3427,BORDJ BOUARRERIDJ,34
EL ACHIR,3407,BORDJ BOUARRERIDJ,34
EL ANCEUR,3428,BORDJ BOUARRERIDJ,34
EL HAMMADIA,3411,BORDJ BOUARRERIDJ,34
EL MAIN,3416,BORDJ BOUARRERIDJ,34
EL M'HIR,3405,BORDJ BOUARRERIDJ,34
GHILASSA,3432,BORDJ BOUARRERIDJ,34
HARAZA,3434,BORDJ BOUARRERIDJ,34
HASNAOUA,3419,BORDJ BOUARRERIDJ,34
KHELIL,3420,BORDJ BOUARRERIDJ,34
KSOUR,3422,BORDJ BOUARRERIDJ,34
MANSOURA,3404,BORDJ BOUARRERIDJ,34
MEDJANA,3413,BORDJ BOUARRERIDJ,34
OULED DAHMANE,3418,BORDJ BOUARRERIDJ,34
RABTA,3433,BORDJ BOUARRERIDJ,34
RAS EL OUED,3402,BORDJ BOUARRERIDJ,34
SIDI EMBAREK,3410,BORDJ BOUARRERIDJ,34
TAFREG,3424,BORDJ BOUARRERIDJ,34
TAGLAIT,3421,BORDJ BOUARRERIDJ,34
TENIET EN NASR,3414,BORDJ BOUARRERIDJ,34
TESMART,3429,BORDJ BOUARRERIDJ,34
TIXTER,3426,BORDJ BOUARRERIDJ,34
AFIR,3503,BOUMERDES,35
AMMAL,3524,BOUMERDES,35
BAGHLIA,3505,BOUMERDES,35
BEN CHOUD,3522,BOUMERDES,35
BENI AMRANE,3525,BOUMERDES,35
BORDJ MENAIEL,3504,BOUMERDES,35
BOUDOUAOU,3502,BOUMERDES,35
BOUDOUAOU EL BAHRI,3527,BOUMERDES,35
BOUMERDES,3501,BOUMERDES,35
BOUZEGZA KEDDARA,3519,BOUMERDES,35
CHAABET EL AMEUR,3513,BOUMERDES,35
CORSO,3516,BOUMERDES,35
DELLYS,3523,BOUMERDES,35
DJINET,3508,BOUMERDES,35
EL KHARROUBA,3532,BOUMERDES,35
HAMMADI,3530,BOUMERDES,35
ISSER,3509,BOUMERDES,35
KHEMIS EL KHECHNA,3531,BOUMERDES,35
LARBATACHE,3518,BOUMERDES,35
LEGHATA,3529,BOUMERDES,35
NACIRIA,3507,BOUMERDES,35
OULED HEDADJ,3528,BOUMERDES,35
OULED MOUSSA,3517,BOUMERDES,35
SI MUSTAPHA,3511,BOUMERDES,35
SIDI DAOUD,3506,BOUMERDES,35
SOUK EL HAD,3526,BOUMERDES,35
TAOURGA,3520,BOUMERDES,35
THENIA,3514,BOUMERDES,35
TIDJELABINE,3512,BOUMERDES,35
TIMEZRIT,3515,BOUMERDES,35
ZEMMOURI,3510,BOUMERDES,35
AIN EL ASSEL,3606,EL TARF,36
AIN KERMA,3621,EL TARF,36
ASFOUR,3617,EL TARF,36
BEN M'HIDI,3603,EL TARF,36
BERRIHANE,3610,EL TARF,36
BOUGOUS,3604,EL TARF,36
BOUHADJAR,3602,EL TARF,36
BOUTELDJA,3608,EL TARF,36
CHEBAITA MOKHTAR,3615,EL TARF,36
CHEFIA,3612,EL TARF,36
CHIHANI,3614,EL TARF,36
DREAN,3613,EL TARF,36
ECHATT,3618,EL TARF,36
EL AIOUN,3607,EL TARF,36
EL KALA,3605,EL TARF,36
EL TARF,3601,EL TARF,36
HAMMAM BENI SALAH,3623,EL TARF,36
LAC DES OISEAUX,3611,EL TARF,36
OUED ZITOUN,3622,EL TARF,36
OUM THEBOUL SOUAREKH,3609,EL TARF,36
RAML SOUK,3624,EL TARF,36
ZERIZER,3619,EL TARF,36
OUM EL ASSEL,3702,TINDOUF,37
TINDOUF,3701,TINDOUF,37
AMMARI,3813,TISSEMSITL,38
BENI CHAIB,3805,TISSEMSITL,38
BENI LAHCENE,3822,TISSEMSITL,38
BORDJ BOU NAAMA,3802,TISSEMSITL,38
BORDJ EMIR AEK,3809,TISSEMSITL,38
BOUCAID,3821,TISSEMSITL,38
KHEMISTI,3811,TISSEMSITL,38
LAAYOUNE,3810,TISSEMSITL,38
LARDJEM,3806,TISSEMSITL,38
LAZHARIA,3804,TISSEMSITL,38
MAACEM,3817,TISSEMSITL,38
MELAAB,3807,TISSEMSITL,38
OULED BESSEM,3812,TISSEMSITL,38
SIDI ABED,3818,TISSEMSITL,38
SIDI BOUTOUCHENT,3815,TISSEMSITL,38
SIDI LANTRI,3808,TISSEMSITL,38
TAMELLAHT,3819,TISSEMSITL,38
THENIET EL HAD,3803,TISSEMSITL,38
TISSEMSILT,3801,TISSEMSITL,38
YOUSSOUFIA,3814,TISSEMSITL,38
BAYADHA,3904,EL OUED,39
BENI GUECHA,3919,EL OUED,39
DEBILA,3911,EL OUED,39
DJAMAA,3928,EL OUED,39
DOUAR EL MA,3915,EL OUED,39
EL MEGHAIER,3927,EL OUED,39
EL OUED,3901,EL OUED,39
GUEMAR,3906,EL OUED,39
HAMRAIA,3909,EL OUED,39
HASSANI ABDELKRIM,3912,EL OUED,39
HASSI KHELIFA,3913,EL OUED,39
KOUININE,3907,EL OUED,39
MAGRANE,3918,EL OUED,39
MIH OUENSA,3926,EL OUED,39
M'RARA,3922,EL OUED,39
NAKHLA,3905,EL OUED,39
OUED EL ALENDA,3903,EL OUED,39
OUM EL TIOUR,3929,EL OUED,39
OURMES,3920,EL OUED,39
REGUIBA,3908,EL OUED,39
ROBBAH,3902,EL OUED,39
SIDI AMRANE,3930,EL OUED,39
SIDI AOUN,3916,EL OUED,39
SIDI KHELIL,3923,EL OUED,39
STILL,3921,EL OUED,39
TALEB LARBI,3914,EL OUED,39
TENEDLA,3924,EL OUED,39
TRIFAOUI,3917,EL OUED,39
AIN TOUILA,4006,KHENCHELA,40
BABAR,4013,KHENCHELA,40
BAGHAI,4004,KHENCHELA,40
BOUHMAMA,4008,KHENCHELA,40
CHECHAR,4011,KHENCHELA,40
CHELIA,4021,KHENCHELA,40
DJELLAL,4012,KHENCHELA,40
EL HAMMA,4005,KHENCHELA,40
EL MAHMEL,4017,KHENCHELA,40
EL OUELDJA,4009,KHENCHELA,40
ENSIGHA,4015,KHENCHELA,40
KAIS,4003,KHENCHELA,40
KHENCHELA,4001,KHENCHELA,40
KHIRANE,4020,KHENCHELA,40
M'SARA,4018,KHENCHELA,40
M'TOUSSA,4002,KHENCHELA,40
OULED RECHACHE,4016,KHENCHELA,40
REMILA,4010,KHENCHELA,40
TAMZA,4014,KHENCHELA,40
TAOUZIANAT,4007,KHENCHELA,40
YABOUS,4019,KHENCHELA,40
AIN ZANA,4117,SOUK AHRAS,41
BIR BOUHOUCHE,4114,SOUK AHRAS,41
DREA,4109,SOUK AHRAS,41
HADDADA,4110,SOUK AHRAS,41
HANANCHA,4103,SOUK AHRAS,41
KHEDARA,4111,SOUK AHRAS,41
KHEMISSA,4123,SOUK AHRAS,41
M'DAOUROUCH,4115,SOUK AHRAS,41
MECHROHA,4104,SOUK AHRAS,41
MERAHNA,4112,SOUK AHRAS,41
OUED KEBERIT,4124,SOUK AHRAS,41
OUILLEN,4119,SOUK AHRAS,41
OULED DRISS,4105,SOUK AHRAS,41
OULED MOUMEN,4113,SOUK AHRAS,41
OUM EL ADHAIM,4116,SOUK AHRAS,41
RAGOUBA,4122,SOUK AHRAS,41
SAFEL EL OUIDEN,4121,SOUK AHRAS,41
SEDRATA,4102,SOUK AHRAS,41
SIDI FREDJ,4120,SOUK AHRAS,41
SOUK AHRAS,4101,SOUK AHRAS,41
TAOURA,4108,SOUK AHRAS,41
TERRAGUELT,4125,SOUK AHRAS,41
TIFFECH,4106,SOUK AHRAS,41
ZAAROURIA,4107,SOUK AHRAS,41
ZOUABI,4126,SOUK AHRAS,41
AGHBAL,4207,TIPAZA,42
AHMER EL AIN,4219,TIPAZA,42
AIN TAGOURAIT,4213,TIPAZA,42
ATTATBA,4225,TIPAZA,42
BENI MILLEUK,4227,TIPAZA,42
BOU ISMAIL,4218,TIPAZA,42
BOUHAROUN,4220,TIPAZA,42
BOURKIKA,4205,TIPAZA,42
CHAIBA,4212,TIPAZA,42
CHERCHELL,4214,TIPAZA,42
DAMOUS,4215,TIPAZA,42
DOUAOUDA,4204,TIPAZA,42
FOUKA,4217,TIPAZA,42
GOURAYA,4210,TIPAZA,42
HADJOUT,4208,TIPAZA,42
HADJRET ENNOUS,4228,TIPAZA,42
KOLEA,4224,TIPAZA,42
LARHAT,4203,TIPAZA,42
MENACEUR,4202,TIPAZA,42
MERAD,4216,TIPAZA,42
MESSELMOUN,4222,TIPAZA,42
NADOR,4211,TIPAZA,42
SIDI GHILES,4221,TIPAZA,42
SIDI RACHED,4223,TIPAZA,42
SIDI SEMIANE,4226,TIPAZA,42
TIPAZA,4201,TIPAZA,42
AHMED RACHEDI,4311,MILA,43
AIN BEIDA HARRICHE,4330,MILA,43
AIN MELLOUK,4305,MILA,43
AIN TINN,4325,MILA,43
AMIRA ARRAS,4322,MILA,43
BENYAHIA ABDERRAHMANE,4309,MILA,43
BOUHATEM,4314,MILA,43
CHELGHOUM LAID,4303,MILA,43
CHIGARA,4332,MILA,43
DERRADJI BOUSSELAH,4320,MILA,43
EL AYADI BARBES,4329,MILA,43
EL MECHIRA,4326,MILA,43
FERDJIOUA,4302,MILA,43
GRAREM GOUGA,4317,MILA,43
HAMALA,4324,MILA,43
MILA,4301,MILA,43
MINAR ZARZA,4321,MILA,43
OUED ATHMANIA,4304,MILA,43
OUED ENDJA,4310,MILA,43
OUED SEGUEN,4307,MILA,43
OULED KHELOUF,4312,MILA,43
ROUACHED,4315,MILA,43
SIDI KHELIFA,4327,MILA,43
SIDI MEROUANE,4318,MILA,43
TADJENANET,4308,MILA,43
TASSADANE HADDADA,4319,MILA,43
TELARGHEMA,4306,MILA,43
TERRAI BAINEN,4323,MILA,43
TESSALA LEMTAI,4316,MILA,43
TIBERGUENT,4313,MILA,43
YAHIA BENI GUECHA,4331,MILA,43
ZEGHAIA,4328,MILA,43
AIN BOUYAHIA,4433,AIN DEFLA,44
AIN DEFLA,4401,AIN DEFLA,44
AIN LECHIAKH,4414,AIN DEFLA,44
AIN TORKI,4423,AIN DEFLA,44
ARIB,4406,AIN DEFLA,44
BATHIA,4431,AIN DEFLA,44
BELAAS,4436,AIN DEFLA,44
BEN ALLAL,4425,AIN DEFLA,44
BIR OULED KHELIFA,4419,AIN DEFLA,44
BIRBOUCHE,4428,AIN DEFLA,44
BORDJ EMIR KHALED,4422,AIN DEFLA,44
BOU MEDFAA,4403,AIN DEFLA,44
BOURACHED,4409,AIN DEFLA,44
DJELIDA,4407,AIN DEFLA,44
DJEMAA OULED CHEIKH,4429,AIN DEFLA,44
DJENDEL,4412,AIN DEFLA,44
EL ABADIA,4411,AIN DEFLA,44
EL AMRA,4408,AIN DEFLA,44
EL ATTAF,4410,AIN DEFLA,44
EL HASSANIA,4418,AIN DEFLA,44
EL MAINE,4434,AIN DEFLA,44
HAMMAM RIGHA,4405,AIN DEFLA,44
HOCEINIA,4427,AIN DEFLA,44
KHEMIS MILIANA,4404,AIN DEFLA,44
MEKHATRIA,4430,AIN DEFLA,44
MILIANA,4402,AIN DEFLA,44
OUED CHEURFA,4413,AIN DEFLA,44
OUED DJEMAA,4415,AIN DEFLA,44
ROUINA,4416,AIN DEFLA,44
TACHETA ZEGAGHA,4432,AIN DEFLA,44
TARIK IBN ZIAD,4421,AIN DEFLA,44
TIBERKANINE,4435,AIN DEFLA,44
ZEDDINE,4417,AIN DEFLA,44
AIN BEN KHELIL,4509,NAAMA,45
AIN SEFRA,4503,NAAMA,45
ASLA,4507,NAAMA,45
DJENIEN BOURZEG,4508,NAAMA,45
EL BIODH,4512,NAAMA,45
KASDIR,4511,NAAMA,45
MECHRIA,4502,NAAMA,45
MEKMEN BEN AMAR,4510,NAAMA,45
MOGHRAR,4506,NAAMA,45
NAAMA,4501,NAAMA,45
SFISSIFA,4505,NAAMA,45
TIOUT,4504,NAAMA,45
AGHLAL,4607,AIN TEMOUCHENT,46
AIN EL ARBAA,4609,AIN TEMOUCHENT,46
AIN KIHAL,4603,AIN TEMOUCHENT,46
AIN TEMOUCHENT,4601,AIN TEMOUCHENT,46
AIN TOLBA,4618,AIN TEMOUCHENT,46
AOUBELIL,4613,AIN TEMOUCHENT,46
BENI SAF,4623,AIN TEMOUCHENT,46
BOUZEDJAR,4605,AIN TEMOUCHENT,46
CHAABET EL HAM,4602,AIN TEMOUCHENT,46
CHENTOUF,4611,AIN TEMOUCHENT,46
EL AMRIA,4619,AIN TEMOUCHENT,46
EL EMIR ABDELKADER,4627,AIN TEMOUCHENT,46
EL MALAH,4614,AIN TEMOUCHENT,46
EL MESSAID,4628,AIN TEMOUCHENT,46
HAMMAM BOUHADJAR,4604,AIN TEMOUCHENT,46
HASSASNA,4621,AIN TEMOUCHENT,46
HASSI EL GHELLA,4620,AIN TEMOUCHENT,46
OUED BERKECHE,4606,AIN TEMOUCHENT,46
OUED SABAH,4616,AIN TEMOUCHENT,46
OULED BOUDJEMAA,4617,AIN TEMOUCHENT,46
OULED KIHAL,4622,AIN TEMOUCHENT,46
OULHACA GHERABA,4625,AIN TEMOUCHENT,46
SIDI BEN ADDA,4612,AIN TEMOUCHENT,46
SIDI BOUMEDIENE,4615,AIN TEMOUCHENT,46
SIDI OURIACHE(TADMAYA),4626,AIN TEMOUCHENT,46
SIDI SAFI,4624,AIN TEMOUCHENT,46
TAMZOURA,4610,AIN TEMOUCHENT,46
TERGA,4608,AIN TEMOUCHENT,46
BERRIANE,4704,GHARDAIA,47
BOUNOURA,4710,GHARDAIA,47
DHAYET BENDHAOUA,4703,GHARDAIA,47
EL ATTEUF,4707,GHARDAIA,47
EL GUERRARA,4706,GHARDAIA,47
EL MENIA,4702,GHARDAIA,47
GHARDAIA,4701,GHARDAIA,47
HASSI EL GARA,4712,GHARDAIA,47
HASSI FEHAL,4711,GHARDAIA,47
METLILI,4705,GHARDAIA,47
SEBSEB,4709,GHARDAIA,47
ZELFANA,4708,GHARDAIA,47
AIN RAHMA,4824,RELIZANE,48
AIN TAREK,4819,RELIZANE,48
AMMI MOUSSA,4811,RELIZANE,48
BELAASEL BOUZEGZA,4803,RELIZANE,48
BENI DERGOUN,4813,RELIZANE,48
BENI ZENTIS,4830,RELIZANE,48
DAR BEN ABDELLAH,4832,RELIZANE,48
DJIDIOUIA,4814,RELIZANE,48
EL GUETTAR,4815,RELIZANE,48
EL HAMRI,4816,RELIZANE,48
EL H'MADNA,4807,RELIZANE,48
EL MATMAR,4817,RELIZANE,48
HAD ECHEKALLA,4834,RELIZANE,48
KALAA,4823,RELIZANE,48
LAHLEF,4829,RELIZANE,48
MAZOUNA,4822,RELIZANE,48
MEDIOUNA,4809,RELIZANE,48
MENDES,4828,RELIZANE,48
MERDJA SIDI ABED,4837,RELIZANE,48
OUARIZANE,4821,RELIZANE,48
OUED EL DJEMAA,4826,RELIZANE,48
OUED ESSALEM,4820,RELIZANE,48
OUED RHIOU,4802,RELIZANE,48
OULED AICHE,4805,RELIZANE,48
OULED SIDI MIHOUB,4838,RELIZANE,48
RAMKA,4827,RELIZANE,48
RELIZANE,4801,RELIZANE,48
SIDI KHETTAB,4810,RELIZANE,48
SIDI LAZREG,4806,RELIZANE,48
SIDI M'HAMED BEN ALI,4808,RELIZANE,48
SIDI M'HAMED BEN AOUDA,4818,RELIZANE,48
SIDI SAADA,4804,RELIZANE,48
YELLEL,4825,RELIZANE,48
ZEMMOURA,4812,RELIZANE,48
AIN TAYA,1638,ALGER,50
BAB EZZOUAR,1621,ALGER,50
BACHDJARAH,1619,ALGER,50
BARAKI,1614,ALGER,50
BORDJ EL BAHRI,1639,ALGER,50
BORDJ EL KIFFAN,1630,ALGER,50
BOUROUBA,1616,ALGER,50
DAR EL BEIDA,1620,ALGER,50
DJASR KASENTINA,1626,ALGER,50
EL HARRACH,1613,ALGER,50
EL MAGHARIA,1631,ALGER,50
HARAOUA,1641,ALGER,50
HUSSEIN DEY,1617,ALGER,50
KOUBA,1618,ALGER,50
LES EUCALYPTUS,1633,ALGER,50
MOHAMMADIA,1629,ALGER,50
OUED SMAR,1615,ALGER,50
REGHAIA,1643,ALGER,50
ROUIBA,1642,ALGER,50
SIDI MOUSSA,1637,ALGER,50
ALGER CENTRE,1601,ALGER,51
BAB EL OUED,1605,ALGER,51
BELOUIZDAD,1604,ALGER,51
BIR MOURAD RAIS,1609,ALGER,51
BIRKHADEM,1612,ALGER,51
BOLOGHINE IBNOU ZIRI,1606,ALGER,51
CASBAH,1607,ALGER,51
EL BIAR,1610,ALGER,51
EL HAMMAMET,1624,ALGER,51
EL MADANIA,1603,ALGER,51
EL MOURADIA,1627,ALGER,51
HYDRA,1628,ALGER,51
OUED KORICHE,1608,ALGER,51
RAIS HAMIDOU,1625,ALGER,51
SIDI M'HAMED,1602,ALGER,51
AIN BENIAN,1644,ALGER,52
BABA HASSEN,1655,ALGER,52
BEN AKNOUN,1622,ALGER,52
BENI MESSOUS,1632,ALGER,52
BIRTOUTA,1634,ALGER,52
BOUZAREAH,1611,ALGER,52
CHERAGA,1650,ALGER,52
DELY BRAHIM,1623,ALGER,52
DOUERA,1654,ALGER,52
DRARIA,1653,ALGER,52
EL ACHOUR,1652,ALGER,52
KHRAICIA,1656,ALGER,52
MAHELMA,1647,ALGER,52
OULED CHEBEL,1636,ALGER,52
OULED FAYET,1651,ALGER,52
RAHMANIA,1648,ALGER,52
SAOULA,1657,ALGER,52
SOUIDANIA,1649,ALGER,52
STAOUELI,1645,ALGER,52
TESSALA EL MERDJA,1635,ALGER,52
ZERALDA,1646,ALGER,52
commune1,5399,DI,53
BENI ABBES,807,BENI ABBES,62
BENI IKHLEF,808,BENI ABBES,62
EL OUATA,814,BENI ABBES,62
IGLI,811,BENI ABBES,62
KERZAZ,818,BENI ABBES,62
KSABI,819,BENI ABBES,62
OULED KHOUDIR,803,BENI ABBES,62
TABELBALA,812,BENI ABBES,62
TAMTERT,820,BENI ABBES,62
TIMOUDI,805,BENI ABBES,62
